-- phpMyAdmin SQL Dump
-- version 5.0.2
-- https://www.phpmyadmin.net/
--
-- Host: 127.0.0.1
-- Waktu pembuatan: 27 Feb 2023 pada 02.07
-- Versi server: 10.4.14-MariaDB
-- Versi PHP: 7.2.33

SET SQL_MODE = "NO_AUTO_VALUE_ON_ZERO";
START TRANSACTION;
SET time_zone = "+00:00";


/*!40101 SET @OLD_CHARACTER_SET_CLIENT=@@CHARACTER_SET_CLIENT */;
/*!40101 SET @OLD_CHARACTER_SET_RESULTS=@@CHARACTER_SET_RESULTS */;
/*!40101 SET @OLD_COLLATION_CONNECTION=@@COLLATION_CONNECTION */;
/*!40101 SET NAMES utf8mb4 */;

--
-- Database: `laundy`
--

-- --------------------------------------------------------

--
-- Struktur dari tabel `tb_detail_transaksi`
--

CREATE TABLE `tb_detail_transaksi` (
  `id` int(11) NOT NULL,
  `id_transaksi` int(11) NOT NULL,
  `id_paket` int(11) NOT NULL,
  `qty` double NOT NULL,
  `keterangan` text NOT NULL
) ENGINE=InnoDB DEFAULT CHARSET=utf8mb4;

-- --------------------------------------------------------

--
-- Struktur dari tabel `tb_member`
--

CREATE TABLE `tb_member` (
  `id` int(11) NOT NULL,
  `nama` varchar(100) NOT NULL,
  `alamat` text NOT NULL,
  `jenis_kelamin` enum('L','P') NOT NULL,
  `tlp` varchar(50) NOT NULL
) ENGINE=InnoDB DEFAULT CHARSET=utf8mb4;

--
-- Dumping data untuk tabel `tb_member`
--

INSERT INTO `tb_member` (`id`, `nama`, `alamat`, `jenis_kelamin`, `tlp`) VALUES
(1, 'dika', 'pasar dimensi', '', '08925382324'),
(2, 'hilda', 'kp rwa tengah', '', '0798786689');

-- --------------------------------------------------------

--
-- Struktur dari tabel `tb_outlet`
--

CREATE TABLE `tb_outlet` (
  `id` int(11) NOT NULL,
  `nama` varchar(100) NOT NULL,
  `alamat` text NOT NULL,
  `tlp` varchar(50) NOT NULL
) ENGINE=InnoDB DEFAULT CHARSET=utf8mb4;

--
-- Dumping data untuk tabel `tb_outlet`
--

INSERT INTO `tb_outlet` (`id`, `nama`, `alamat`, `tlp`) VALUES
(1, 'outlet 1', 'cipageran 2', '08296926332'),
(3, 'outlet 2', 'jln.cibeber', '0937649246'),
(4, 'outlet 3', 'cimahi', '08456785525'),
(6, 'outlet 4', 'bandung', '08247036534'),
(8, 'outlet 5', 'gangbungsu', '093047927480');

-- --------------------------------------------------------

--
-- Struktur dari tabel `tb_paket`
--

CREATE TABLE `tb_paket` (
  `id` int(11) NOT NULL,
  `id_outlet` int(11) NOT NULL,
  `jenis` enum('kiloan','selimut','bed_cover','kaos','lain') NOT NULL,
  `nama_paket` varchar(100) NOT NULL,
  `harga` int(11) NOT NULL
) ENGINE=InnoDB DEFAULT CHARSET=utf8mb4;

--
-- Dumping data untuk tabel `tb_paket`
--

INSERT INTO `tb_paket` (`id`, `id_outlet`, `jenis`, `nama_paket`, `harga`) VALUES
(5, 1, 'kiloan', 'kiloan', 5000),
(7, 4, 'bed_cover', 'bed cover', 7000),
(8, 6, 'kaos', 'kameja', 5000),
(9, 3, 'bed_cover', 'bed cover', 6000),
(10, 8, 'kaos', 'kaos', 5000);

-- --------------------------------------------------------

--
-- Struktur dari tabel `tb_transaksi`
--

CREATE TABLE `tb_transaksi` (
  `id` int(11) NOT NULL,
  `id_outlet` int(11) NOT NULL,
  `kode_invoice` varchar(100) NOT NULL,
  `id_member` int(11) NOT NULL,
  `tgl` datetime NOT NULL,
  `batas_waktu` datetime NOT NULL,
  `tgl_bayar` datetime NOT NULL,
  `biaya_tambahan` int(11) NOT NULL,
  `diskon` double NOT NULL,
  `pajak` int(11) NOT NULL,
  `status` enum('baru','proses','selesai','diambil') NOT NULL,
  `dibayar` enum('dibayar','belum_dibayar') NOT NULL,
  `id_user` int(11) NOT NULL
) ENGINE=InnoDB DEFAULT CHARSET=utf8mb4;

-- --------------------------------------------------------

--
-- Struktur dari tabel `tb_user`
--

CREATE TABLE `tb_user` (
  `id` int(11) NOT NULL,
  `nama` varchar(100) NOT NULL,
  `username` varchar(100) NOT NULL,
  `password` text NOT NULL,
  `id_outlet` int(11) NOT NULL,
  `role` enum('admin','kasir','owner') NOT NULL
) ENGINE=InnoDB DEFAULT CHARSET=utf8mb4;

--
-- Dumping data untuk tabel `tb_user`
--

INSERT INTO `tb_user` (`id`, `nama`, `username`, `password`, `id_outlet`, `role`) VALUES
(1, '', 'iqbal', '$2y$10$LdkcA4KR3xJch6V/VnNUTOBpxfKL2DnSC7y4.ijRxmGbJzY1dYOG.', 1, 'admin'),
(2, '', 'adit', '$2y$10$zE6tWXabTDhGTX1.BQr.0Oed6puFoF1DafzufCvXhW0f3eqTg4rmS', 3, 'owner'),
(3, '', 'arden', '$2y$10$3VSG4q5Z/4pp6JWgZg3Nt.khKCcpPkAxat2ccCRAuvllw92vip1Su', 4, 'kasir'),
(5, 'anwar', 'anwar', '$2y$10$.zMKPJ4Gazu.h0lQsbyF.uCkNrlz.N5nIkd0cGmGJG0MVZAxBQyni', 6, 'admin'),
(6, 'agung', 'agung', '$2y$10$HIHGURWEcSklti6d3MhCJe5vbMI8Njwl9axuyzwSzc8rsUsuHc5XG', 8, 'kasir');

--
-- Indexes for dumped tables
--

--
-- Indeks untuk tabel `tb_detail_transaksi`
--
ALTER TABLE `tb_detail_transaksi`
  ADD PRIMARY KEY (`id`),
  ADD KEY `id_transaksi` (`id_transaksi`),
  ADD KEY `id_paket` (`id_paket`);

--
-- Indeks untuk tabel `tb_member`
--
ALTER TABLE `tb_member`
  ADD PRIMARY KEY (`id`);

--
-- Indeks untuk tabel `tb_outlet`
--
ALTER TABLE `tb_outlet`
  ADD PRIMARY KEY (`id`);

--
-- Indeks untuk tabel `tb_paket`
--
ALTER TABLE `tb_paket`
  ADD PRIMARY KEY (`id`),
  ADD KEY `id_outlet` (`id_outlet`);

--
-- Indeks untuk tabel `tb_transaksi`
--
ALTER TABLE `tb_transaksi`
  ADD PRIMARY KEY (`id`),
  ADD KEY `id_user` (`id_user`),
  ADD KEY `id_outlet` (`id_outlet`),
  ADD KEY `id_member` (`id_member`);

--
-- Indeks untuk tabel `tb_user`
--
ALTER TABLE `tb_user`
  ADD PRIMARY KEY (`id`),
  ADD KEY `id_outlet` (`id_outlet`);

--
-- AUTO_INCREMENT untuk tabel yang dibuang
--

--
-- AUTO_INCREMENT untuk tabel `tb_detail_transaksi`
--
ALTER TABLE `tb_detail_transaksi`
  MODIFY `id` int(11) NOT NULL AUTO_INCREMENT;

--
-- AUTO_INCREMENT untuk tabel `tb_member`
--
ALTER TABLE `tb_member`
  MODIFY `id` int(11) NOT NULL AUTO_INCREMENT, AUTO_INCREMENT=3;

--
-- AUTO_INCREMENT untuk tabel `tb_outlet`
--
ALTER TABLE `tb_outlet`
  MODIFY `id` int(11) NOT NULL AUTO_INCREMENT, AUTO_INCREMENT=9;

--
-- AUTO_INCREMENT untuk tabel `tb_paket`
--
ALTER TABLE `tb_paket`
  MODIFY `id` int(11) NOT NULL AUTO_INCREMENT, AUTO_INCREMENT=11;

--
-- AUTO_INCREMENT untuk tabel `tb_transaksi`
--
ALTER TABLE `tb_transaksi`
  MODIFY `id` int(11) NOT NULL AUTO_INCREMENT;

--
-- AUTO_INCREMENT untuk tabel `tb_user`
--
ALTER TABLE `tb_user`
  MODIFY `id` int(11) NOT NULL AUTO_INCREMENT, AUTO_INCREMENT=7;

--
-- Ketidakleluasaan untuk tabel pelimpahan (Dumped Tables)
--

--
-- Ketidakleluasaan untuk tabel `tb_detail_transaksi`
--
ALTER TABLE `tb_detail_transaksi`
  ADD CONSTRAINT `tb_detail_transaksi_ibfk_1` FOREIGN KEY (`id_paket`) REFERENCES `tb_paket` (`id`);

--
-- Ketidakleluasaan untuk tabel `tb_paket`
--
ALTER TABLE `tb_paket`
  ADD CONSTRAINT `tb_paket_ibfk_1` FOREIGN KEY (`id_outlet`) REFERENCES `tb_outlet` (`id`);

--
-- Ketidakleluasaan untuk tabel `tb_transaksi`
--
ALTER TABLE `tb_transaksi`
  ADD CONSTRAINT `tb_transaksi_ibfk_1` FOREIGN KEY (`id_user`) REFERENCES `tb_user` (`id`),
  ADD CONSTRAINT `tb_transaksi_ibfk_2` FOREIGN KEY (`id_outlet`) REFERENCES `tb_outlet` (`id`),
  ADD CONSTRAINT `tb_transaksi_ibfk_3` FOREIGN KEY (`id_member`) REFERENCES `tb_member` (`id`),
  ADD CONSTRAINT `tb_transaksi_ibfk_4` FOREIGN KEY (`id`) REFERENCES `tb_detail_transaksi` (`id_transaksi`);

--
-- Ketidakleluasaan untuk tabel `tb_user`
--
ALTER TABLE `tb_user`
  ADD CONSTRAINT `tb_user_ibfk_1` FOREIGN KEY (`id_outlet`) REFERENCES `tb_outlet` (`id`);
COMMIT;

/*!40101 SET CHARACTER_SET_CLIENT=@OLD_CHARACTER_SET_CLIENT */;
/*!40101 SET CHARACTER_SET_RESULTS=@OLD_CHARACTER_SET_RESULTS */;
/*!40101 SET COLLATION_CONNECTION=@OLD_COLLATION_CONNECTION */;
